{
  "precision": 0.4375,
  "recall": 0.717948717948718,
  "f1": 0.5436893203883495,
  "roc_auc": 0.9264214046822743,
  "confusion_matrix": [
    [
      309,
      36
    ],
    [
      11,
      28
    ]
  ]
}