{
  "r2": 0.9289131550072538,
  "mae": 5.060347768237373,
  "rmse": 6.4814764405575245,
  "residual_mean": 0.8138600083364175,
  "residual_std": 6.430176415646221,
  "band_mae": {
    "low": 5.073259427873402,
    "medium": 4.5210755378308205,
    "high": 6.927265842639337,
    "critical": 5.951484419184881
  }
}