{
  "accuracy": 0.9947916666666666,
  "macro_f1": 0.9939053704724392,
  "confusion_matrix": [
    [
      179,
      0,
      1
    ],
    [
      0,
      57,
      0
    ],
    [
      0,
      1,
      146
    ]
  ],
  "per_class": {
    "active": {
      "precision": 1.0,
      "recall": 0.9944444444444445,
      "f1-score": 0.9972144846796658,
      "support": 180.0
    },
    "deprecated": {
      "precision": 0.9827586206896551,
      "recall": 1.0,
      "f1-score": 0.991304347826087,
      "support": 57.0
    },
    "orphaned": {
      "precision": 0.9931972789115646,
      "recall": 0.9931972789115646,
      "f1-score": 0.9931972789115646,
      "support": 147.0
    },
    "macro avg": {
      "precision": 0.9919852998670734,
      "recall": 0.995880574452003,
      "f1-score": 0.9939053704724392,
      "support": 384.0
    },
    "weighted avg": {
      "precision": 0.994836566091954,
      "recall": 0.9947916666666666,
      "f1-score": 0.9947993621573614,
      "support": 384.0
    }
  }
}